DROP TABLE Students CASCADE CONSTRAINTS;
DROP TABLE Projects CASCADE CONSTRAINTS;
DROP TABLE Courses CASCADE CONSTRAINTS;
DROP TABLE Members CASCADE CONSTRAINTS;
DROP TABLE Enrollments CASCADE CONSTRAINTS;
DROP VIEW StudentPairs;

CREATE TABLE Students(
    SID INTEGER PRIMARY KEY,
    Name VARCHAR2(40) NOT NULL,
    Major VARCHAR2(40) NOT NULL
);

CREATE TABLE Projects(
    PID INTEGER PRIMARY KEY,
    P_Name VARCHAR2(40)
);

CREATE TABLE Courses(
    CID INTEGER PRIMARY KEY,
    C_Name VARCHAR2(40)
);

CREATE TABLE Members(
    PID INTEGER,
    SID INTEGER,
    PRIMARY KEY(PID, SID),
    FOREIGN KEY(PID)
        REFERENCES Projects(PID),
    FOREIGN KEY(SID)
        REFERENCES Students(SID)
);

CREATE TABLE Enrollments(
    CID INTEGER,
    SID INTEGER,
    PRIMARY KEY(CID, SID),
    FOREIGN KEY(CID)
        REFERENCES Courses(CID),
    FOREIGN KEY(SID)
        REFERENCES Students(SID)
);

INSERT INTO Students VALUES(1, 'J', 'CS');
INSERT INTO Students VALUES(2, 'P', 'CS');
INSERT INTO Students VALUES(3, 'R', 'POOP');
INSERT INTO Students VALUES(4, 'A', 'o');
INSERT INTO Students VALUES(5, 'A', 'o');
INSERT INTO Students VALUES(6, 'A', 'o');
INSERT INTO Students VALUES(7, 'A', 'o');
INSERT INTO Students VALUES(8, 'A', 'o');
INSERT INTO Students VALUES(9, 'A', 'o');
INSERT INTO Students VALUES(10, 'A', 'o');
INSERT INTO Students VALUES(11, 'A', 'o');
INSERT INTO Students VALUES(12, 'A', 'o');
INSERT INTO Students VALUES(13, 'A', 'o');

INSERT INTO Courses VALUES (1, 'EECS281');
INSERT INTO Courses VALUES (2, 'EECS442');
INSERT INTO Courses VALUES (3, 'EECS445');
INSERT INTO Courses VALUES (4, 'EECS492');
INSERT INTO Courses VALUES (5, 'EECS482');
INSERT INTO Courses VALUES (6, 'EECS483');
INSERT INTO Courses VALUES (7, 'EECS484');
INSERT INTO Courses VALUES (8, 'EECS485');
INSERT INTO Courses VALUES (9, 'EECS280');


INSERT INTO Enrollments VALUES (1, 2);
INSERT INTO Enrollments VALUES (2, 1);
INSERT INTO Enrollments VALUES (2, 3);
INSERT INTO Enrollments VALUES (3, 3);
INSERT INTO Enrollments VALUES (4, 3);
INSERT INTO Enrollments VALUES (4, 2);
INSERT INTO Enrollments VALUES (4, 4);
INSERT INTO Enrollments VALUES (4, 5);
INSERT INTO Enrollments VALUES (4, 6);
INSERT INTO Enrollments VALUES (4, 7);
INSERT INTO Enrollments VALUES (4, 8);
INSERT INTO Enrollments VALUES (4, 9);
INSERT INTO Enrollments VALUES (5, 1);
INSERT INTO Enrollments VALUES (7, 1);
INSERT INTO Enrollments VALUES (9, 1);
INSERT INTO Enrollments VALUES (4, 10);
INSERT INTO Enrollments VALUES (4, 11);
INSERT INTO Enrollments VALUES (4, 12);
INSERT INTO Enrollments VALUES (4, 4);

INSERT INTO Projects VALUES (1, 'Proj');

INSERT INTO Members VALUES (1, 3);
INSERT INTO Members VALUES (1, 1);
INSERT INTO MEMBERS VALUES (1, 4);


